{"cameraMode":{"drawMode":0,"name":"Shaded","section":"Shading Mode"},"sceneLighting":false,"audioPlay":false,"sceneViewState":{"showFog":true,"showMaterialUpdate":true,"showSkybox":false,"showFlares":true,"showImageEffects":true,"showParticleSystems":true},"in2DMode":false,"pivot":{"x":-18.354015350341798,"y":-0.05965113639831543,"z":0.396434485912323},"rotation":{"x":-0.21314440667629243,"y":0.6508287787437439,"z":-0.20754970610141755,"w":-0.6985087990760803},"size":3.397557258605957,"orthographic":false}