{"cameraMode":{"drawMode":0,"name":"Shaded","section":"Shading Mode"},"sceneLighting":false,"audioPlay":false,"sceneViewState":{"showFog":true,"showMaterialUpdate":true,"showSkybox":false,"showFlares":true,"showImageEffects":true,"showParticleSystems":true},"in2DMode":false,"pivot":{"x":0.09006446599960327,"y":0.518000602722168,"z":0.09986232221126557},"rotation":{"x":-0.1809374839067459,"y":-0.5253307819366455,"z":0.11544046550989151,"w":-0.8233849406242371},"size":1.1250165700912476,"orthographic":false}