{"cameraMode":{"drawMode":0,"name":"Shaded","section":"Shading Mode"},"sceneLighting":false,"audioPlay":false,"sceneViewState":{"showFog":true,"showMaterialUpdate":true,"showSkybox":false,"showFlares":true,"showImageEffects":true,"showParticleSystems":true},"in2DMode":false,"pivot":{"x":-12.818634033203125,"y":0.08206796646118164,"z":-0.031393349170684817},"rotation":{"x":-0.37106868624687197,"y":0.3348589539527893,"z":-0.15309295058250428,"w":-0.8524905443191528},"size":6.073064804077148,"orthographic":false}