{"cameraMode":{"drawMode":0,"name":"Shaded","section":"Shading Mode"},"sceneLighting":false,"audioPlay":false,"sceneViewState":{"showFog":true,"showMaterialUpdate":true,"showSkybox":false,"showFlares":true,"showImageEffects":true,"showParticleSystems":true},"in2DMode":false,"pivot":{"x":-0.5410125255584717,"y":1.152055263519287,"z":0.530052900314331},"rotation":{"x":-0.20105238258838654,"y":0.6127393841743469,"z":-0.17393536865711213,"w":-0.7442277073860169},"size":3.573307514190674,"orthographic":false}