{"cameraMode":{"drawMode":0,"name":"Shaded","section":"Shading Mode"},"sceneLighting":false,"audioPlay":false,"sceneViewState":{"showFog":true,"showMaterialUpdate":true,"showSkybox":false,"showFlares":true,"showImageEffects":true,"showParticleSystems":true},"in2DMode":false,"pivot":{"x":-19.80921745300293,"y":0.4118025302886963,"z":-0.40626412630081179},"rotation":{"x":-0.2761150598526001,"y":0.6432729959487915,"z":-0.27987179160118105,"w":-0.6569872498512268},"size":2.8436083793640138,"orthographic":false}