{"cameraMode":{"drawMode":0,"name":"Shaded","section":"Shading Mode"},"sceneLighting":false,"audioPlay":false,"sceneViewState":{"showFog":true,"showMaterialUpdate":true,"showSkybox":false,"showFlares":true,"showImageEffects":true,"showParticleSystems":true},"in2DMode":false,"pivot":{"x":0.0,"y":0.7500150203704834,"z":0.4749999940395355},"rotation":{"x":-0.1809374839067459,"y":-0.5253307819366455,"z":0.11544046550989151,"w":-0.8233849406242371},"size":2.4750497341156008,"orthographic":false}