{"cameraMode":{"drawMode":0,"name":"Shaded","section":"Shading Mode"},"sceneLighting":false,"audioPlay":false,"sceneViewState":{"showFog":true,"showMaterialUpdate":true,"showSkybox":false,"showFlares":true,"showImageEffects":true,"showParticleSystems":true},"in2DMode":false,"pivot":{"x":0.0,"y":0.30000001192092898,"z":-0.04999995231628418},"rotation":{"x":-0.1742810755968094,"y":0.8194374442100525,"z":-0.38423261046409609,"w":-0.38796108961105349},"size":4.3436079025268559,"orthographic":false}