{"cameraMode":{"drawMode":0,"name":"Shaded","section":"Shading Mode"},"sceneLighting":false,"audioPlay":false,"sceneViewState":{"showFog":true,"showMaterialUpdate":true,"showSkybox":false,"showFlares":true,"showImageEffects":true,"showParticleSystems":true},"in2DMode":false,"pivot":{"x":0.5236907005310059,"y":0.16926932334899903,"z":-0.4981763958930969},"rotation":{"x":-0.1999448537826538,"y":0.7854273915290833,"z":-0.3448939025402069,"w":-0.4734703600406647},"size":3.908097505569458,"orthographic":false}