{"cameraMode":{"drawMode":0,"name":"Shaded","section":"Shading Mode"},"sceneLighting":false,"audioPlay":false,"sceneViewState":{"showFog":true,"showMaterialUpdate":true,"showSkybox":false,"showFlares":true,"showImageEffects":true,"showParticleSystems":true},"in2DMode":false,"pivot":{"x":-12.852981567382813,"y":0.14448189735412599,"z":0.04103446006774902},"rotation":{"x":-0.37106868624687197,"y":0.3348589539527893,"z":-0.15309295058250428,"w":-0.8524905443191528},"size":6.680412292480469,"orthographic":false}