{"cameraMode":{"drawMode":0,"name":"Shaded","section":"Shading Mode"},"sceneLighting":false,"audioPlay":false,"sceneViewState":{"showFog":true,"showMaterialUpdate":true,"showSkybox":false,"showFlares":true,"showImageEffects":true,"showParticleSystems":true},"in2DMode":false,"pivot":{"x":-13.433893203735352,"y":-0.05556321144104004,"z":0.5286852121353149},"rotation":{"x":-0.33111584186553957,"y":0.5394063591957092,"z":-0.25259506702423098,"w":-0.7318461537361145},"size":2.7080976963043215,"orthographic":false}